P. Name,P. Zone Class,P. Mass Class,P. Composition Class,P. Atmosphere Class,P. Density (EU),P. Gravity (EU),P. Esc Vel (EU),P. SFlux Min (EU),P. SFlux Mean (EU),P. SFlux Max (EU),P. Teq Max (K),P. Mag,P. Appar Size (deg),P. Eccentricity,P. Mean Distance (AU),P. Omega (deg),S. Mass (SU),S. Teff (K),S. [Fe/H],S. Age (Gyrs),S. Appar Mag,S. Distance (pc),S. RA (hrs),S. DEC (deg),S. Mag from Planet,S. Size from Planet (deg),S. No. Planets,S. No. Planets HZ,S. Hab Zone Max (AU),P. HZD,P. HZC,P. HZA,P. HZI,P. SPH,P. ESI,S. HabCat,P. Habitable,P. Hab Moon,P. Confirmed,P. Habitable Class
GJ 163 c,Warm,Superterran,rocky-iron,metals-rich,1.19,2.17,1.99,0.5515569,0.6630019,0.804139,241.3,-18.05,3.48,0.09,0.12,235.4,0.4,3840.0,-0.06027140851661208,3.0,11.8,15.0,4.1544,-53.3736,-26.3,0.9881,3,1,0.212,-0.34,-0.14,0.81,0.53,0.08,0.73,0,1,0,1,psychroplanet
GJ 667 C e,Warm,Terran,rocky-iron,metals-rich,0.99,1.39,1.39,0.290249,0.3020295,0.3144201,190.8,-16.59,2.65,0.02,0.21,28.6,0.33,3350.0,-0.55,2.0,10.2,6.8,17.3158,-34.9897,-25.4,0.8714,6,3,0.251,0.51,-0.16,0.23,0.63,0.0,0.6,0,1,0,0,psychroplanet
GJ 667 C f,Warm,Terran,rocky-iron,metals-rich,0.99,1.39,1.39,0.5306531,0.5632069000000001,0.5983137,224.1,-17.28,2.65,0.03,0.16,103.0,0.33,3350.0,-0.55,2.0,10.2,6.8,17.3158,-34.9897,-26.1,1.19,6,3,0.251,-0.22,-0.16,0.08,0.78,0.0,0.77,0,1,0,0,psychroplanet
GJ 682 c,Warm,Superterran,rocky-iron,hydrogen-rich,1.24,2.37,2.13,0.3020603,0.3673006,0.45118450000000004,208.8,-17.51,3.64,0.1,0.18,320.9,0.27,3028.0,-0.06027140851661208,4.184758828596038,13.4,5.08,17.6177,-43.6808,-25.6,1.1831,2,1,0.232,0.23,-0.14,1.19,0.45,0.0,0.59,0,1,0,0,psychroplanet
GJ 3293 d,Warm,Superterran,rocky-iron,metals-rich,1.2,2.22,2.03,0.44768679999999994,0.5656049,0.7251003,235.1,-17.91,3.52,0.12,0.19,322.0,0.42,3466.0,0.02,4.184758828596038,12.0,17.9,4.4767,-25.1692,-26.1,1.1179,4,2,0.309,-0.21,-0.14,0.91,0.52,0.0,0.7,0,1,0,1,psychroplanet
HD 40307 g,Warm,Superterran,rocky-iron,metals-rich,1.18,2.15,1.98,0.3895282,0.6771687,1.285592,271.3,-18.1,3.45,0.29,0.57,91.2,0.77,4977.0,-0.31,1.2,7.2,12.8,5.9011,-60.0233,-26.4,0.6042,6,1,0.917,-0.15,-0.14,0.77,0.56,0.04,0.74,1,1,0,0,psychroplanet
Kapteyn b,Warm,Terran,rocky-iron,metals-rich,1.09,1.79,1.71,0.2900587,0.4342851,0.6803408000000001,231.4,-17.37,3.11,0.21,0.16,80.4,0.28,3550.0,-0.86,8.0,8.8,3.91,5.1947,-45.0183,-25.8,0.9409,2,1,0.232,0.12,-0.15,0.57,0.63,0.0,0.67,0,1,0,0,psychroplanet
Kepler-62 f,Warm,Terran,rocky-iron,metals-rich,1.0,1.41,1.41,0.388223,0.388223,0.388223,201.1,-16.89,2.68,0.0,0.72,0.0,0.69,4869.0,-0.21,7.0,14.0,368.0,18.8808,45.3499,-25.7,0.4676,5,2,0.857,0.45,-0.16,0.19,0.66,0.0,0.67,0,1,0,1,psychroplanet
Kepler-150 f,Warm,Superterran,gas,metals-rich,0.19,0.68,1.57,0.4927213,0.4927213,0.4927214,213.4,-19.22,6.92,0.0,1.24,0.0,0.63,5560.0,-0.136,4.184758828596038,13.4,973.0,19.2156,40.5209,-26.0,0.404,5,1,1.569,0.28,2.88,0.35,0.26,0.0,0.53,0,0,0,1,psychroplanet
Kepler-174 d,Warm,Superterran,rocky-iron,hydrogen-rich,1.42,3.1,2.6,0.42675159999999995,0.42675159999999995,0.42675169999999996,205.9,-17.95,4.15,0.0,0.68,0.0,0.68,4880.0,-0.556,4.184758828596038,13.4,360.0,19.1626,43.8321,-25.8,0.488,3,1,0.846,0.32,-0.13,1.77,0.36,0.0,0.61,0,1,0,1,psychroplanet
Kepler-296 f,Warm,Superterran,rocky-iron,metals-rich,1.15,2.01,1.87,0.2687829,0.3395788,0.4353369000000001,206.9,-17.22,3.33,0.12,0.28,0.0,0.45,3572.0,-0.12,4.2,10.1,226.0,19.1027,49.4373,-25.6,0.8155,5,2,0.34700000000000003,0.4,-0.14,0.86,0.51,0.0,0.6,0,1,0,1,psychroplanet
Kepler-442 b,Warm,Terran,rocky-iron,metals-rich,0.97,1.3,1.32,0.6466799,0.6999820999999999,0.7589214,237.8,-17.42,2.55,0.04,0.41,0.0,0.61,4402.0,-0.37,2.9,7.7,342.0,19.0244,39.2801,-26.3,0.7685,1,1,0.6809999999999999,-0.34,-0.16,-0.06,0.73,0.04,0.84,0,1,0,1,psychroplanet
Kepler-1229 b,Warm,Terran,rocky-iron,metals-rich,0.99,1.39,1.4,0.4901548,0.4901549,0.4901549,213.2,-17.13,2.66,0.0,0.31,0.0,0.54,3784.0,-0.06027140851661208,3.72,15.5,236.0,19.8324,46.9967,-26.0,0.8699,1,1,0.456,-0.03,-0.16,0.12,0.83,0.0,0.73,0,1,0,1,psychroplanet
Kepler-1652 b,Warm,Terran,rocky-iron,metals-rich,0.9,1.01,1.06,0.6504719,0.650472,0.6504722,228.8,-16.95,2.13,0.0,0.16,0.0,0.36,3482.0,-0.1,4.184758828596038,13.4,252.0,19.6244,49.9151,-26.3,1.1835,1,1,0.27,-0.35,-0.17,-0.37,0.65,0.0,0.85,0,1,0,1,psychroplanet
LHS 1140 b,Warm,Terran,rocky-iron,hydrogen-rich,2.26,3.23,2.15,0.23418049999999999,0.4071072,0.7728854000000001,238.9,-17.03,2.72,0.29,0.08,0.0,0.15,3131.0,-0.24,5.0,14.2,12.47,0.7497,-15.2714,-25.8,1.1837,1,1,0.118,0.18,-0.82,1.17,0.41,0.0,0.68,0,1,0,1,psychroplanet
Proxima Cen b,Warm,Terran,rocky-iron,metals-rich,0.9,1.01,1.07,0.6562118,0.6562118,0.6562119000000001,229.3,-16.96,2.13,0.0,0.05,0.0,0.12,3050.0,-0.06027140851661208,4.184758828596038,11.1,1.29,14.4953,-62.6794,-26.3,1.5493,1,1,0.086,-0.39,-0.17,-0.37,0.64,0.0,0.85,0,1,0,1,psychroplanet
TRAPPIST-1 e,Warm,Terran,rocky-iron,metals-rich,0.82,0.76,0.83,0.6544079,0.654408,0.6544082,229.1,-16.52,1.74,0.0,0.03,0.0,0.08,2550.0,0.04,0.5,18.8,12.1,23.1081,-5.0414,-26.3,2.2135,7,4,0.051,-0.42,-0.15,-0.67,0.56,0.0,0.85,0,1,0,1,psychroplanet
TRAPPIST-1 f,Warm,Terran,rocky-water,metals-rich,0.59,0.61,0.8,0.3772893,0.3772893,0.3772893,199.7,-16.2,1.98,0.0,0.04,0.0,0.08,2550.0,0.04,0.5,18.8,12.1,23.1081,-5.0414,-25.7,1.6807,7,4,0.051,0.14,0.27,-0.64,0.59,0.0,0.68,0,1,0,1,psychroplanet
Kepler-1544 b,Warm,Superterran,rocky-iron,metals-rich,1.16,2.07,1.92,0.9021728000000001,0.9021728999999999,0.902173,248.3,-18.32,3.38,0.0,0.56,0.0,0.81,4886.0,-0.06027140851661208,2.34,14.1,349.0,19.819000000000006,49.2125,-26.6,0.7079,1,1,1.012,-0.53,-0.14,0.63,0.55,0.85,0.8,0,1,0,1,mesoplanet
Kepler-1540 b,Warm,Superterran,rocky-iron,hydrogen-rich,1.71,4.25,3.25,0.9229546999999999,0.9229549000000001,0.9229552,249.7,-19.07,4.73,0.0,0.44,0.0,0.74,4540.0,-0.06027140851661208,2.51,14.1,262.0,18.8896,41.2017,-26.6,0.8293,1,1,0.8390000000000001,-0.59,-0.11,2.25,0.3,0.99,0.7,0,1,0,1,mesoplanet
Kepler-452 b,Warm,Superterran,rocky-iron,metals-rich,1.09,1.77,1.7,1.109832,1.109832,1.109833,261.5,-18.35,3.1,0.0,1.05,0.0,1.04,5757.0,0.21,6.0,13.4,430.0,19.7336,44.2776,-26.8,0.5655,1,1,1.952,-0.61,-0.15,0.3,0.59,0.93,0.83,0,1,0,1,mesoplanet
GJ 273 b,Warm,Terran,rocky-iron,metals-rich,1.0,1.43,1.43,1.003524,1.220269,1.4989540000000001,281.9,-18.17,2.7,0.1,0.09,0.0,0.29,3382.0,0.09,4.184758828596038,9.9,3.8,7.4568,5.2258,-27.0,1.7227,2,1,0.215,-0.86,-0.16,-0.05,0.53,0.79,0.86,0,1,0,1,mesoplanet
Kepler-283 c,Warm,Superterran,rocky-iron,metals-rich,1.18,2.14,1.97,0.898436,0.8984360999999998,0.8984360999999998,248.0,-18.36,3.45,0.0,0.34,0.0,0.62,4351.0,-0.26,4.184758828596038,13.4,534.0,19.5742,47.839,-26.6,0.8908,2,1,0.6459999999999999,-0.58,-0.14,0.69,0.52,0.85,0.79,0,1,0,1,mesoplanet
TRAPPIST-1 d,Warm,Subterran,rocky-iron,metals-rich,0.9,0.69,0.73,1.129725,1.129725,1.129725,262.7,-16.74,1.47,0.0,0.02,0.0,0.08,2550.0,0.04,0.5,18.8,12.1,23.1081,-5.0414,-26.9,2.9085,7,4,0.051,-0.84,-0.29,-0.86,0.45,0.9,0.9,0,1,0,1,mesoplanet
K2-18 b,Warm,Superterran,rocky-iron,hydrogen-rich,1.46,3.28,2.71,0.9243239999999999,0.9243239999999999,0.9243242,249.8,-18.85,4.26,0.0,0.15,0.0,0.41,3503.0,0.09,4.184758828596038,13.5,34.0,11.504,7.5884,-26.6,1.394,2,1,0.304,-0.66,-0.12,1.59,0.37,1.0,0.73,0,1,0,1,mesoplanet
Kepler-62 e,Warm,Superterran,rocky-iron,metals-rich,1.08,1.74,1.68,1.097676,1.097676,1.097677,260.8,-18.32,3.07,0.0,0.43,0.0,0.69,4869.0,-0.21,7.0,14.0,368.0,18.8808,45.3499,-26.8,0.7863,5,2,0.857,-0.7,-0.15,0.28,0.56,0.96,0.83,0,1,0,1,mesoplanet
Wolf 1061 c,Warm,Terran,rocky-iron,metals-rich,1.03,1.53,1.51,1.128213,1.398419,1.754743,293.2,-18.42,2.83,0.11,0.09,37.0,0.25,3305.0,-0.09,4.184758828596038,10.1,4.29,16.505,-12.6626,-27.1,1.9321,3,1,0.225,-0.96,-0.15,0.02,0.51,0.17,0.82,0,1,0,1,mesoplanet
HD 283869 b,Warm,Superterran,rocky-iron,metals-rich,1.26,2.47,2.2,1.146929,1.146929,1.146929,263.7,-18.79,3.72,0.0,0.4,0.0,0.74,4655.0,0.15,4.184758828596038,13.4,47.51,4.795,26.15,-26.9,0.8793,1,1,0.836,-0.76,-0.14,0.89,0.46,0.65,0.77,0,1,0,0,mesoplanet
Kepler-1410 b,Warm,Superterran,rocky-iron,metals-rich,1.16,2.07,1.92,1.344376,1.344376,1.344376,274.3,-18.76,3.38,0.0,0.26,0.0,0.63,4092.0,-0.06027140851661208,4.07,15.8,367.0,19.3673,38.7435,-27.1,1.232,1,1,0.614,-0.91,-0.14,0.51,0.49,0.11,0.78,0,1,0,1,mesoplanet
Kepler-296 e,Warm,Terran,rocky-iron,metals-rich,1.03,1.52,1.5,1.005184,1.2222879999999998,1.501434,282.0,-18.25,2.81,0.1,0.15,0.0,0.45,3572.0,-0.12,4.2,10.1,226.0,19.1027,49.4373,-27.0,1.5455,5,2,0.34700000000000003,-0.86,-0.16,0.04,0.53,0.75,0.85,0,1,0,1,mesoplanet
Kepler-443 b,Warm,Superterran,rocky-iron,hydrogen-rich,1.54,3.6,2.9,0.7188641,0.8910313,1.1180709999999998,262.0,-18.9,4.43,0.11,0.49,0.0,0.74,4723.0,-0.01,3.2,6.8,779.0,19.2407,49.9686,-26.6,0.7552,1,1,0.903,-0.53,-0.12,1.83,0.34,0.98,0.71,0,1,0,1,mesoplanet
GJ 832 c,Warm,Superterran,rocky-iron,metals-rich,1.12,1.89,1.79,0.9315085999999999,0.9886534,1.0502799999999999,257.9,-18.31,3.21,0.03,0.16,80.0,0.45,3472.0,-0.31,4.184758828596038,8.7,4.94,21.5594,-49.0089,-26.7,1.4679,2,1,0.342,-0.71,-0.15,0.44,0.54,0.98,0.81,1,1,0,1,mesoplanet
K2-72 e,Warm,Terran,rocky-iron,metals-rich,0.99,1.39,1.4,1.461332,1.461332,1.461333,280.1,-18.32,2.66,0.0,0.12,0.0,0.41,3497.0,-0.06027140851661208,4.184758828596038,15.3,55.52,22.3081,-9.6124,-27.1,1.7588,4,1,0.311,-0.99,-0.16,-0.12,0.5,0.06,0.82,0,1,0,1,mesoplanet
Kepler-1638 b,Warm,Superterran,rocky-iron,metals-rich,1.21,2.26,2.06,1.3873799999999998,1.3873799999999998,1.387381,276.5,-18.9,3.56,0.0,0.79,0.0,0.97,5710.0,-0.06027140851661208,4.37,14.8,879.0,19.6988,48.5244,-27.1,0.6427,1,1,1.65,-0.81,-0.14,0.66,0.49,0.02,0.76,0,1,0,1,mesoplanet
Kepler-298 d,Warm,Superterran,rocky-iron,hydrogen-rich,1.72,4.3,3.28,1.289531,1.289531,1.289532,271.5,-19.45,4.75,0.0,0.3,0.0,0.65,4465.0,-0.121,4.184758828596038,13.4,474.0,18.8693,48.8254,-27.0,1.0134,3,1,0.6859999999999999,-0.86,-0.11,2.11,0.3,0.0,0.68,0,1,0,1,mesoplanet
GJ 667 C c,Warm,Terran,rocky-iron,metals-rich,1.05,1.61,1.57,0.8427715,0.8769776,0.9129552,249.0,-17.97,2.92,0.02,0.12,292.0,0.33,3350.0,-0.55,2.0,10.2,6.8,17.3158,-34.9897,-26.6,1.4848,6,3,0.251,-0.62,-0.15,0.21,0.6,0.64,0.84,0,1,0,1,mesoplanet
Kepler-21 b,Hot,Superterran,rocky-iron,metals-rich,1.09,1.79,1.71,2310.168,2403.933,2502.553,1801.9,-26.74,3.11,0.02,0.04,245.0,1.34,6131.0,-0.15,2.84,8.3,108.0,19.1575,38.7139,-35.2,23.3706,1,0,3.594,-2.45,-0.15,-0.95,0.28,0.0,0.27,1,0,0,1,non-habitable
HATS-24 b,Hot,Jovian,gas,hydrogen-rich,0.17,2.8,6.83,2004.143,3173.733,5334.089,2177.3,-32.14,32.07,0.24,0.02,0.0,1.21,6346.0,0.0,0.88,12.8,510.0,17.9261,-61.7472,-35.6,25.4696,1,0,2.385,-2.47,12.65,1.28,0.07,0.0,0.06,0,0,0,1,non-habitable
Kepler-647 b,Hot,Terran,rocky-iron,metals-rich,0.92,1.07,1.11,84.1143,84.11431,84.11432,771.5,-22.34,2.21,0.0,0.13,0.0,1.03,6020.0,-0.06027140851661208,4.27,14.0,789.0,18.9859,44.5917,-31.6,4.5037,1,0,2.012,-2.27,-0.17,-0.95,0.29,0.0,0.31,0,0,0,1,non-habitable
HAT-P-25 b,Hot,Jovian,gas,metals-rich,0.08,1.01,3.68,326.4827,347.8792,371.0695,1118.2,-29.21,25.54,0.03,0.05,271.0,1.01,5500.0,0.31,3.2,13.2,297.0,3.2292,25.1975,-33.1,10.9895,1,0,1.574,-2.35,9.88,0.41,0.09,0.0,0.07,0,0,0,1,non-habitable
HD 7449 b,Cold,Jovian,gas,hydrogen-rich,0.31,3.23,5.81,0.06881307,0.3959346,7.031884,414.9,-21.9,19.96,0.82,1.32,339.0,1.05,6024.0,-0.11,2.1,7.5,39.0,1.2414,-5.0475,-26.3,0.4089,2,0,1.901,2.21,6.61,5.63,0.1,0.0,0.39,1,0,0,1,non-habitable
HD 145457 b,Hot,Jovian,gas,hydrogen-rich,0.6,6.92,8.94,63.05218,78.45251,98.86433,803.4,-27.28,22.07,0.11,0.76,300.0,1.9,4757.0,-0.14,4.184758828596038,6.6,126.0,16.1678,26.7428,-31.5,6.9902,1,0,12.977,-2.19,7.98,4.54,0.1,0.0,0.1,0,0,0,1,non-habitable
HD 147873 c,Hot,Jovian,gas,hydrogen-rich,0.5,5.64,8.01,2.139113,3.324795,5.457338,389.4,-23.82,21.77,0.23,1.32,42.0,1.38,5972.0,-0.03,4.0,8.0,104.93,16.4292,-33.4536,-28.1,0.9221,2,0,4.254,-1.37,7.62,6.59,0.09,0.0,0.32,0,0,0,1,non-habitable
HAT-P-67 b,Hot,Jovian,gas,metals-rich,0.01,0.2,2.15,555.1408,879.1135,1477.525,1579.5,-31.48,45.57,0.24,0.06,172.0,1.64,6406.0,-0.08,1.24,10.7,320.0,17.1075,44.7769,-34.2,13.0751,1,0,3.192,-2.44,21.32,-0.62,0.04,0.0,0.04,0,0,0,1,non-habitable
Kepler-106 d,Hot,Terran,iron,metals-rich,9.21,8.77,2.89,43.16492,43.16493,43.16494,653.0,-21.17,1.81,0.0,0.16,0.0,1.0,5858.0,-0.12,4.83,12.9,424.0,20.0576,44.3376,-30.8,3.4068,4,0,1.877,-2.18,-1.82,0.46,0.26,0.0,0.32,0,0,0,1,non-habitable
Kepler-815 b,Hot,Neptunian,gas,metals-rich,0.2,0.82,1.83,860.1669,860.1669,860.1671,1379.7,-27.63,7.82,0.0,0.09,0.0,1.25,5028.0,-0.06027140851661208,4.9,13.2,1199.0,19.0147,47.8814,-34.1,20.7535,1,0,4.892,-2.35,2.99,-0.78,0.2,0.0,0.17,0,0,0,1,non-habitable
Kepler-275 c,Hot,Neptunian,gas,metals-rich,0.2,0.67,1.5,141.6552,141.6552,141.6552,878.9,-25.24,6.43,0.0,0.13,0.0,1.24,6165.0,0.184,4.184758828596038,13.4,424.0,19.4986,38.5149,-32.1,5.5736,3,0,2.689,-2.33,2.68,-0.75,0.22,0.0,0.2,0,0,0,1,non-habitable
Kepler-69 c,Hot,Superterran,rocky-iron,metals-rich,1.13,1.93,1.82,1.473127,1.933279,2.588208,323.1,-19.08,3.26,0.14,0.63,0.0,0.81,5638.0,-0.29,4.184758828596038,13.7,424.0,19.5508,44.8689,-27.5,0.7821,2,0,1.585,-1.06,-0.15,0.3,0.47,0.0,0.71,0,0,0,1,non-habitable
Kepler-685 b,Hot,Jovian,gas,hydrogen-rich,0.32,3.39,5.99,1945.838,1945.838,1945.838,1692.1,-30.58,20.2,0.0,0.03,0.0,1.11,5963.0,-0.06027140851661208,3.39,15.0,1145.0,19.5915,38.4229,-35.0,22.2106,1,0,2.15,-2.44,6.7,1.09,0.12,0.0,0.08,0,0,0,1,non-habitable
HD 220773 b,Cold,Jovian,gas,hydrogen-rich,0.36,3.9,6.51,0.05048148,0.1337679,0.4792324,212.0,-20.35,20.77,0.51,4.25,226.0,1.16,5940.0,0.09,4.4,7.1,49.0,23.4408,8.6439,-24.7,0.1995,1,0,2.922,3.62,6.97,8.22,0.08,0.0,0.23,1,0,0,1,non-habitable
K2-141 b,Hot,Terran,rocky-iron,metals-rich,1.47,2.23,1.83,3336.174,3336.174,3336.175,1936.2,-26.93,2.87,0.0,0.01,90.0,0.71,4599.0,-0.06,6.3,11.5,61.0,23.3944,-1.1892,-35.6,50.1739,2,0,0.846,-2.34,-0.46,-0.92,0.28,0.0,0.28,0,0,0,1,non-habitable
Kepler-123 b,Hot,Neptunian,gas,metals-rich,0.19,0.57,1.29,107.4354,107.4354,107.4354,820.2,-24.62,5.58,0.0,0.14,0.0,1.03,6089.0,-0.199,4.184758828596038,13.4,424.0,19.7999,42.782,-31.8,4.9754,2,0,2.41,-2.3,2.52,-0.86,0.22,0.0,0.22,0,0,0,1,non-habitable
Kepler-597 b,Hot,Superterran,rocky-iron,metals-rich,1.58,3.72,2.97,73.47449,73.4745,73.47452,745.9,-23.74,4.49,0.0,0.11,0.0,0.97,5683.0,-0.06027140851661208,4.27,14.1,660.0,19.5647,39.2528,-31.4,4.7233,1,0,1.638,-2.24,-0.12,0.37,0.31,0.0,0.25,0,0,0,1,non-habitable
Kepler-561 b,Hot,Jovian,gas,hydrogen-rich,0.2,1.41,3.14,9.551429,9.551429,9.551431,447.9,-23.87,13.25,0.0,0.29,0.0,0.96,5646.0,-0.06027140851661208,4.27,14.4,667.0,19.5831,45.1072,-29.2,1.725,2,0,1.605,-1.84,4.45,1.14,0.17,0.0,0.22,0,0,0,1,non-habitable
