P. Name,P. Zone Class,P. Mass Class,P. Composition Class,P. Atmosphere Class,P. Density (EU),P. Gravity (EU),P. Esc Vel (EU),P. SFlux Min (EU),P. SFlux Mean (EU),P. SFlux Max (EU),P. Teq Max (K),P. Mag,P. Appar Size (deg),P. Eccentricity,P. Mean Distance (AU),P. Omega (deg),S. Mass (SU),S. Teff (K),S. [Fe/H],S. Age (Gyrs),S. Appar Mag,S. Distance (pc),S. RA (hrs),S. DEC (deg),S. Mag from Planet,S. Size from Planet (deg),S. No. Planets,S. No. Planets HZ,S. Hab Zone Max (AU),P. HZD,P. HZC,P. HZA,P. HZI,P. SPH,P. ESI,S. HabCat,P. Habitable,P. Hab Moon,P. Confirmed,P. Habitable Class
GJ 163 c,Warm,Superterran,rocky-iron,metals-rich,1.19,2.17,1.99,0.5515569,0.6630019,0.804139,241.3,-18.05,3.48,0.09,0.12,235.4,0.4,3840.0,-0.06027140851661208,3.0,11.8,15.0,4.1544,-53.3736,-26.3,0.9881,3,1,0.212,-0.34,-0.14,0.81,0.53,0.08,0.73,0,1,0,1,psychroplanet
GJ 667 C e,Warm,Terran,rocky-iron,metals-rich,0.99,1.39,1.39,0.290249,0.3020295,0.3144201,190.8,-16.59,2.65,0.02,0.21,28.6,0.33,3350.0,-0.55,2.0,10.2,6.8,17.3158,-34.9897,-25.4,0.8714,6,3,0.251,0.51,-0.16,0.23,0.63,0.0,0.6,0,1,0,0,psychroplanet
GJ 667 C f,Warm,Terran,rocky-iron,metals-rich,0.99,1.39,1.39,0.5306531,0.5632069000000001,0.5983137,224.1,-17.28,2.65,0.03,0.16,103.0,0.33,3350.0,-0.55,2.0,10.2,6.8,17.3158,-34.9897,-26.1,1.19,6,3,0.251,-0.22,-0.16,0.08,0.78,0.0,0.77,0,1,0,0,psychroplanet
GJ 682 c,Warm,Superterran,rocky-iron,hydrogen-rich,1.24,2.37,2.13,0.3020603,0.3673006,0.45118450000000004,208.8,-17.51,3.64,0.1,0.18,320.9,0.27,3028.0,-0.06027140851661208,4.184758828596038,13.4,5.08,17.6177,-43.6808,-25.6,1.1831,2,1,0.232,0.23,-0.14,1.19,0.45,0.0,0.59,0,1,0,0,psychroplanet
GJ 3293 d,Warm,Superterran,rocky-iron,metals-rich,1.2,2.22,2.03,0.44768679999999994,0.5656049,0.7251003,235.1,-17.91,3.52,0.12,0.19,322.0,0.42,3466.0,0.02,4.184758828596038,12.0,17.9,4.4767,-25.1692,-26.1,1.1179,4,2,0.309,-0.21,-0.14,0.91,0.52,0.0,0.7,0,1,0,1,psychroplanet
HD 40307 g,Warm,Superterran,rocky-iron,metals-rich,1.18,2.15,1.98,0.3895282,0.6771687,1.285592,271.3,-18.1,3.45,0.29,0.57,91.2,0.77,4977.0,-0.31,1.2,7.2,12.8,5.9011,-60.0233,-26.4,0.6042,6,1,0.917,-0.15,-0.14,0.77,0.56,0.04,0.74,1,1,0,0,psychroplanet
Kapteyn b,Warm,Terran,rocky-iron,metals-rich,1.09,1.79,1.71,0.2900587,0.4342851,0.6803408000000001,231.4,-17.37,3.11,0.21,0.16,80.4,0.28,3550.0,-0.86,8.0,8.8,3.91,5.1947,-45.0183,-25.8,0.9409,2,1,0.232,0.12,-0.15,0.57,0.63,0.0,0.67,0,1,0,0,psychroplanet
Kepler-62 f,Warm,Terran,rocky-iron,metals-rich,1.0,1.41,1.41,0.388223,0.388223,0.388223,201.1,-16.89,2.68,0.0,0.72,0.0,0.69,4869.0,-0.21,7.0,14.0,368.0,18.8808,45.3499,-25.7,0.4676,5,2,0.857,0.45,-0.16,0.19,0.66,0.0,0.67,0,1,0,1,psychroplanet
Kepler-150 f,Warm,Superterran,gas,metals-rich,0.19,0.68,1.57,0.4927213,0.4927213,0.4927214,213.4,-19.22,6.92,0.0,1.24,0.0,0.63,5560.0,-0.136,4.184758828596038,13.4,973.0,19.2156,40.5209,-26.0,0.404,5,1,1.569,0.28,2.88,0.35,0.26,0.0,0.53,0,0,0,1,psychroplanet
Kepler-174 d,Warm,Superterran,rocky-iron,hydrogen-rich,1.42,3.1,2.6,0.42675159999999995,0.42675159999999995,0.42675169999999996,205.9,-17.95,4.15,0.0,0.68,0.0,0.68,4880.0,-0.556,4.184758828596038,13.4,360.0,19.1626,43.8321,-25.8,0.488,3,1,0.846,0.32,-0.13,1.77,0.36,0.0,0.61,0,1,0,1,psychroplanet
Kepler-296 f,Warm,Superterran,rocky-iron,metals-rich,1.15,2.01,1.87,0.2687829,0.3395788,0.4353369000000001,206.9,-17.22,3.33,0.12,0.28,0.0,0.45,3572.0,-0.12,4.2,10.1,226.0,19.1027,49.4373,-25.6,0.8155,5,2,0.34700000000000003,0.4,-0.14,0.86,0.51,0.0,0.6,0,1,0,1,psychroplanet
Kepler-442 b,Warm,Terran,rocky-iron,metals-rich,0.97,1.3,1.32,0.6466799,0.6999820999999999,0.7589214,237.8,-17.42,2.55,0.04,0.41,0.0,0.61,4402.0,-0.37,2.9,7.7,342.0,19.0244,39.2801,-26.3,0.7685,1,1,0.6809999999999999,-0.34,-0.16,-0.06,0.73,0.04,0.84,0,1,0,1,psychroplanet
Kepler-1229 b,Warm,Terran,rocky-iron,metals-rich,0.99,1.39,1.4,0.4901548,0.4901549,0.4901549,213.2,-17.13,2.66,0.0,0.31,0.0,0.54,3784.0,-0.06027140851661208,3.72,15.5,236.0,19.8324,46.9967,-26.0,0.8699,1,1,0.456,-0.03,-0.16,0.12,0.83,0.0,0.73,0,1,0,1,psychroplanet
Kepler-1652 b,Warm,Terran,rocky-iron,metals-rich,0.9,1.01,1.06,0.6504719,0.650472,0.6504722,228.8,-16.95,2.13,0.0,0.16,0.0,0.36,3482.0,-0.1,4.184758828596038,13.4,252.0,19.6244,49.9151,-26.3,1.1835,1,1,0.27,-0.35,-0.17,-0.37,0.65,0.0,0.85,0,1,0,1,psychroplanet
LHS 1140 b,Warm,Terran,rocky-iron,hydrogen-rich,2.26,3.23,2.15,0.23418049999999999,0.4071072,0.7728854000000001,238.9,-17.03,2.72,0.29,0.08,0.0,0.15,3131.0,-0.24,5.0,14.2,12.47,0.7497,-15.2714,-25.8,1.1837,1,1,0.118,0.18,-0.82,1.17,0.41,0.0,0.68,0,1,0,1,psychroplanet
Proxima Cen b,Warm,Terran,rocky-iron,metals-rich,0.9,1.01,1.07,0.6562118,0.6562118,0.6562119000000001,229.3,-16.96,2.13,0.0,0.05,0.0,0.12,3050.0,-0.06027140851661208,4.184758828596038,11.1,1.29,14.4953,-62.6794,-26.3,1.5493,1,1,0.086,-0.39,-0.17,-0.37,0.64,0.0,0.85,0,1,0,1,psychroplanet
TRAPPIST-1 e,Warm,Terran,rocky-iron,metals-rich,0.82,0.76,0.83,0.6544079,0.654408,0.6544082,229.1,-16.52,1.74,0.0,0.03,0.0,0.08,2550.0,0.04,0.5,18.8,12.1,23.1081,-5.0414,-26.3,2.2135,7,4,0.051,-0.42,-0.15,-0.67,0.56,0.0,0.85,0,1,0,1,psychroplanet
TRAPPIST-1 f,Warm,Terran,rocky-water,metals-rich,0.59,0.61,0.8,0.3772893,0.3772893,0.3772893,199.7,-16.2,1.98,0.0,0.04,0.0,0.08,2550.0,0.04,0.5,18.8,12.1,23.1081,-5.0414,-25.7,1.6807,7,4,0.051,0.14,0.27,-0.64,0.59,0.0,0.68,0,1,0,1,psychroplanet
Kepler-1552 b,Warm,Superterran,rocky-iron,hydrogen-rich,1.68,4.14,3.2,1.105641,1.105641,1.105641,261.2,-19.25,4.68,0.0,0.6,0.0,0.85,5202.0,-0.06027140851661208,3.31,14.8,618.0,19.4451,38.8749,-26.8,0.6913,1,1,1.176,-0.68,-0.11,2.09,0.31,0.45,0.7,0,1,0,1,mesoplanet
GJ 273 b,Warm,Terran,rocky-iron,metals-rich,1.0,1.43,1.43,1.003524,1.220269,1.4989540000000001,281.9,-18.17,2.7,0.1,0.09,0.0,0.29,3382.0,0.09,4.184758828596038,9.9,3.8,7.4568,5.2258,-27.0,1.7227,2,1,0.215,-0.86,-0.16,-0.05,0.53,0.79,0.86,0,1,0,1,mesoplanet
GJ 667 C c,Warm,Terran,rocky-iron,metals-rich,1.05,1.61,1.57,0.8427715,0.8769776,0.9129552,249.0,-17.97,2.92,0.02,0.12,292.0,0.33,3350.0,-0.55,2.0,10.2,6.8,17.3158,-34.9897,-26.6,1.4848,6,3,0.251,-0.62,-0.15,0.21,0.6,0.64,0.84,0,1,0,1,mesoplanet
Kepler-298 d,Warm,Superterran,rocky-iron,hydrogen-rich,1.72,4.3,3.28,1.289531,1.289531,1.289532,271.5,-19.45,4.75,0.0,0.3,0.0,0.65,4465.0,-0.121,4.184758828596038,13.4,474.0,18.8693,48.8254,-27.0,1.0134,3,1,0.6859999999999999,-0.86,-0.11,2.11,0.3,0.0,0.68,0,1,0,1,mesoplanet
GJ 180 b,Warm,Superterran,rocky-iron,metals-rich,1.22,2.32,2.09,0.9960187,1.234564,1.549138,284.2,-18.8,3.6,0.11,0.1,11.5,0.43,3371.0,-0.06027140851661208,4.184758828596038,10.9,11.69,4.8972,-17.7734,-27.0,1.745,2,2,0.244,-0.87,-0.14,0.74,0.46,0.41,0.75,0,1,0,0,mesoplanet
Kepler-22 b,Warm,Superterran,rocky-iron,hydrogen-rich,1.57,3.68,2.94,1.1060290000000002,1.1060290000000002,1.1060290000000002,261.3,-19.15,4.47,0.0,0.85,0.0,0.97,5518.0,-0.29,9.9,12.0,190.0,19.2811,47.8844,-26.8,0.6145,1,1,1.615,-0.64,-0.12,1.79,0.34,0.53,0.71,0,1,0,1,mesoplanet
Kepler-62 e,Warm,Superterran,rocky-iron,metals-rich,1.08,1.74,1.68,1.097676,1.097676,1.097677,260.8,-18.32,3.07,0.0,0.43,0.0,0.69,4869.0,-0.21,7.0,14.0,368.0,18.8808,45.3499,-26.8,0.7863,5,2,0.857,-0.7,-0.15,0.28,0.56,0.96,0.83,0,1,0,1,mesoplanet
TRAPPIST-1 d,Warm,Subterran,rocky-iron,metals-rich,0.9,0.69,0.73,1.129725,1.129725,1.129725,262.7,-16.74,1.47,0.0,0.02,0.0,0.08,2550.0,0.04,0.5,18.8,12.1,23.1081,-5.0414,-26.9,2.9085,7,4,0.051,-0.84,-0.29,-0.86,0.45,0.9,0.9,0,1,0,1,mesoplanet
Kepler-452 b,Warm,Superterran,rocky-iron,metals-rich,1.09,1.77,1.7,1.109832,1.109832,1.109833,261.5,-18.35,3.1,0.0,1.05,0.0,1.04,5757.0,0.21,6.0,13.4,430.0,19.7336,44.2776,-26.8,0.5655,1,1,1.952,-0.61,-0.15,0.3,0.59,0.93,0.83,0,1,0,1,mesoplanet
GJ 832 c,Warm,Superterran,rocky-iron,metals-rich,1.12,1.89,1.79,0.9315085999999999,0.9886534,1.0502799999999999,257.9,-18.31,3.21,0.03,0.16,80.0,0.45,3472.0,-0.31,4.184758828596038,8.7,4.94,21.5594,-49.0089,-26.7,1.4679,2,1,0.342,-0.71,-0.15,0.44,0.54,0.98,0.81,1,1,0,1,mesoplanet
Kepler-438 b,Warm,Terran,rocky-iron,metals-rich,0.9,1.01,1.06,1.298292,1.3779370000000002,1.46383,280.2,-17.77,2.13,0.03,0.17,0.0,0.54,3748.0,0.16,4.4,9.6,145.0,18.7764,41.9511,-27.1,1.4871,1,1,0.407,-0.94,-0.17,-0.49,0.48,0.5,0.88,0,1,0,1,mesoplanet
Kepler-705 b,Warm,Superterran,rocky-iron,hydrogen-rich,1.36,2.86,2.46,0.832599,0.8325992,0.8325992,243.4,-18.6,4.0,0.0,0.23,0.0,0.53,3722.0,-0.06027140851661208,3.89,15.8,251.0,19.3006,41.8121,-26.5,1.1719,1,1,0.443,-0.56,-0.13,1.31,0.41,0.79,0.74,0,1,0,1,mesoplanet
Kepler-283 c,Warm,Superterran,rocky-iron,metals-rich,1.18,2.14,1.97,0.898436,0.8984360999999998,0.8984360999999998,248.0,-18.36,3.45,0.0,0.34,0.0,0.62,4351.0,-0.26,4.184758828596038,13.4,534.0,19.5742,47.839,-26.6,0.8908,2,1,0.6459999999999999,-0.58,-0.14,0.69,0.52,0.85,0.79,0,1,0,1,mesoplanet
K2-72 e,Warm,Terran,rocky-iron,metals-rich,0.99,1.39,1.4,1.461332,1.461332,1.461333,280.1,-18.32,2.66,0.0,0.12,0.0,0.41,3497.0,-0.06027140851661208,4.184758828596038,15.3,55.52,22.3081,-9.6124,-27.1,1.7588,4,1,0.311,-0.99,-0.16,-0.12,0.5,0.06,0.82,0,1,0,1,mesoplanet
Kepler-61 b,Warm,Superterran,rocky-iron,hydrogen-rich,1.39,2.99,2.54,0.7885342,1.272237,2.1899319999999998,309.9,-19.14,4.09,0.25,0.26,0.0,0.64,4017.0,0.03,1.0,15.0,326.0,19.6869,42.4753,-27.0,1.2639,1,1,0.614,-0.84,-0.13,1.24,0.4,0.27,0.73,0,1,0,1,mesoplanet
Kepler-1540 b,Warm,Superterran,rocky-iron,hydrogen-rich,1.71,4.25,3.25,0.9229546999999999,0.9229549000000001,0.9229552,249.7,-19.07,4.73,0.0,0.44,0.0,0.74,4540.0,-0.06027140851661208,2.51,14.1,262.0,18.8896,41.2017,-26.6,0.8293,1,1,0.8390000000000001,-0.59,-0.11,2.25,0.3,0.99,0.7,0,1,0,1,mesoplanet
GJ 180 c,Warm,Superterran,rocky-iron,metals-rich,1.16,2.04,1.9,0.6584886,0.785473,0.9446747999999999,251.2,-18.16,3.36,0.09,0.13,234.9,0.43,3371.0,-0.06027140851661208,4.184758828596038,10.9,11.69,4.8972,-17.7734,-26.5,1.3905,2,2,0.244,-0.53,-0.14,0.64,0.54,0.42,0.77,0,1,0,0,mesoplanet
tau Cet e,Warm,Terran,rocky-iron,metals-rich,1.07,1.7,1.64,1.369828,1.512054,1.673311,289.8,-18.64,3.02,0.05,0.55,313.5,0.78,5344.0,-0.55,5.8,3.5,3.65,1.7344,-15.9375,-27.2,0.7665,7,1,1.246,-0.92,-0.15,0.16,0.51,0.0,0.78,0,1,0,0,mesoplanet
HD 238914 b,Hot,Jovian,gas,hydrogen-rich,1.2,13.98,12.78,0.9515114,2.793942,11.95641,473.7,-23.86,22.34,0.56,4.72,318.0,1.47,4769.0,-0.25,4.184758828596038,12.0,590.0,18.6389,59.2539,-28.1,1.4366,1,0,16.754,-1.18,9.51,11.57,0.06,0.0,0.31,0,0,0,1,non-habitable
Kepler-345 c,Hot,Terran,rocky-iron,metals-rich,0.93,1.11,1.15,23.93785,23.93786,23.93786,563.5,-21.03,2.28,0.0,0.08,0.0,0.59,4504.0,-0.266,4.184758828596038,13.4,424.0,19.6819,45.971,-30.2,4.292,2,0,0.7440000000000001,-2.01,-0.17,-0.79,0.32,0.0,0.35,0,0,0,1,non-habitable
HD 42012 b,Cold,Jovian,gas,hydrogen-rich,0.38,4.2,6.8,0.1846152,0.1846152,0.1846152,167.0,-20.56,21.03,0.0,1.67,0.0,0.83,5405.0,-0.09,4.1,8.4,37.1,6.1657,34.1353,-24.9,0.2617,1,0,1.311,1.94,7.11,8.44,0.08,0.0,0.27,0,0,0,1,non-habitable
HD 1666 b,Hot,Jovian,gas,hydrogen-rich,1.28,14.99,13.23,2.267702,7.755527,43.99353,656.1,-25.05,22.34,0.63,0.73,295.0,1.5,6317.0,0.37,1.76,8.2,110.6,0.3478,-19.9311,-29.2,1.409,1,0,3.901,-1.61,9.72,10.29,0.07,0.0,0.19,1,0,0,1,non-habitable
Kepler-1051 b,Hot,Neptunian,gas,metals-rich,0.2,0.67,1.51,142.7007,142.7008,142.7008,880.5,-25.25,6.45,0.0,0.19,0.0,1.43,6675.0,-0.06027140851661208,1.74,13.2,1021.0,19.6772,40.8988,-32.1,4.7714,1,0,3.803,-2.34,2.68,-0.75,0.22,0.0,0.2,0,0,0,1,non-habitable
Kepler-1598 b,Hot,Terran,rocky-iron,no-atmosphere,0.86,0.81,0.88,467.7715,467.7715,467.7716,1184.8,-23.77,1.81,0.0,0.05,0.0,1.07,5940.0,-0.06027140851661208,3.8,13.9,734.0,19.2313,46.7837,-33.4,10.9223,1,0,2.009,-2.39,-0.18,-1.24,0.27,0.0,0.3,0,0,0,1,non-habitable
Kepler-704 b,Hot,Neptunian,gas,no-atmosphere,0.19,0.5,1.14,374.7511,374.7512,374.7512,1120.9,-25.73,4.96,0.0,0.05,0.0,0.97,5616.0,-0.06027140851661208,5.13,15.3,1054.0,18.8878,41.8371,-33.2,10.9368,1,0,1.626,-2.36,2.42,-1.07,0.22,0.0,0.23,0,0,0,1,non-habitable
WASP-174 b,Hot,Jovian,gas,hydrogen-rich,0.17,2.29,5.55,871.4728,871.473,871.473,1384.2,-30.23,25.76,0.0,0.06,0.0,1.28,6400.0,0.12,1.65,13.4,424.0,13.0531,-41.3847,-34.1,12.8944,1,0,2.753,-2.44,9.39,1.15,0.09,0.0,0.07,0,0,0,1,non-habitable
Kepler-773 b,Hot,Terran,rocky-iron,metals-rich,1.01,1.44,1.44,468.3228,468.3228,468.3229,1185.2,-24.67,2.72,0.0,0.05,0.0,1.04,5850.0,-0.06027140851661208,2.82,13.3,528.0,19.3923,38.0576,-33.4,11.2687,1,0,1.819,-2.39,-0.16,-0.92,0.28,0.0,0.28,0,0,0,1,non-habitable
HIP 57050 c,Cold,Jovian,,,0.85,1.6749999999999998,2.15,0.009926346,0.01901932,0.04127919,114.8,-23.62256873527101,10.295402536888428,0.34,0.86,210.4,0.34,3190.0,0.32,4.184758828596038,11.9,11.0,11.6958,42.7519,-22.5,0.2487,2,1,0.264,9.1,3.7226917057902966,-0.1,0.21649868073878628,0.0,0.05,1,0,0,1,non-habitable
Kepler-182 b,Hot,Neptunian,gas,no-atmosphere,0.19,0.49,1.12,196.455,196.455,196.455,953.8,-25.0,4.9,0.0,0.1,0.0,1.14,6250.0,0.077,4.184758828596038,13.4,424.0,19.322,50.5862,-32.5,6.3872,2,0,2.287,-2.36,2.42,-1.03,0.22,0.0,0.23,0,0,0,1,non-habitable
Kepler-550 b,Hot,Neptunian,gas,metals-rich,0.2,0.88,1.97,80.65696,80.65697,80.65699,763.5,-25.2,8.39,0.0,0.08,0.0,0.87,5322.0,-0.06027140851661208,4.68,14.5,563.0,19.8467,47.8638,-31.5,5.6437,1,0,1.296,-2.23,3.14,-0.35,0.21,0.0,0.18,0,0,0,1,non-habitable
Kepler-1539 b,Hot,Neptunian,gas,metals-rich,0.19,0.52,1.18,1.775764,1.775764,1.775765,294.1,-19.97,5.13,0.0,0.48,0.0,0.84,5176.0,-0.06027140851661208,4.79,15.3,788.0,18.948,44.2685,-27.4,0.885,1,0,1.197,-1.05,2.45,-0.4,0.27,0.0,0.62,0,0,0,1,non-habitable
Kepler-1007 b,Hot,Terran,rocky-iron,metals-rich,1.01,1.44,1.44,69.87169,69.8717,69.8717,736.6,-22.59,2.72,0.0,0.05,0.0,0.73,4587.0,-0.06027140851661208,4.17,14.7,365.0,19.7271,45.8091,-31.4,7.0727,1,0,0.865,-2.16,-0.16,-0.7,0.3,0.0,0.3,0,0,0,1,non-habitable
WASP-145A b,Hot,Jovian,gas,hydrogen-rich,0.28,2.78,5.3,351.0839,351.0839,351.084,1102.8,-28.61,19.25,0.0,0.03,0.0,0.76,4900.0,-0.04,0.5,11.5,424.0,21.4836,-58.8361,-33.1,13.9186,1,0,0.934,-2.31,6.33,1.35,0.13,0.0,0.09,0,0,0,1,non-habitable
Kepler-268 b,Hot,Superterran,gas,metals-rich,0.19,0.48,1.11,61.07343,61.07343,61.07344,712.2,-23.7,4.83,0.0,0.18,0.0,1.16,6081.0,-0.114,4.184758828596038,13.4,424.0,19.4651,38.0551,-31.2,3.7607,2,0,2.424,-2.23,2.41,-0.93,0.23,0.0,0.25,0,0,0,1,non-habitable
Kepler-1326 b,Hot,Neptunian,gas,metals-rich,0.2,0.83,1.86,76.73653,76.73655,76.73657,754.0,-25.03,7.95,0.0,0.27,0.0,1.45,6725.0,-0.06027140851661208,1.7,12.9,910.0,19.7481,39.269,-31.5,3.4466,1,0,3.87,-2.28,3.02,-0.42,0.21,0.0,0.19,0,0,0,1,non-habitable
GJ 163 b,Hot,Neptunian,gas,metals-rich,0.2,0.75,1.68,2.75927,2.818206,2.878753,331.9,-21.2,7.16,0.01,0.06,74.7,0.4,3840.0,-0.06027140851661208,3.0,11.8,15.0,4.1544,-53.3736,-27.9,2.0327,3,1,0.212,-1.35,2.84,0.06,0.24,0.0,0.57,0,0,0,1,non-habitable
